<?xml version="1.0" encoding="UTF-8"?><?xml-stylesheet type='text/xsl' href='_UpgradeReport_Files/UpgradeReport.xslt'?><UpgradeLog>
<Properties><Property Name="Solution" Value="Shapes">
</Property><Property Name="Solution File" Value="F:\Summer 2013\C++ II\tutorials\INheritance, VirtualFunctions and PolyMorphism\Shapes_Virtual_Poly\Shapes.sln">
</Property><Property Name="Date" Value="Tuesday, July 23, 2013">
</Property><Property Name="Time" Value="21:14 PM">
</Property></Properties><Event ErrorLevel="0" Project="Shapes" Source="Shapes\Shapes.vcproj" Description="Converting project file 'F:\Summer 2013\C++ II\tutorials\INheritance, VirtualFunctions and PolyMorphism\Shapes_Virtual_Poly\Shapes\Shapes.vcproj'.">
</Event><Event ErrorLevel="1" Project="Shapes" Source="Shapes\Shapes.vcproj" Description="VCWebServiceProxyGeneratorTool is no longer supported. The tool has been removed from your project settings.">
</Event><Event ErrorLevel="0" Project="Shapes" Source="Shapes\Shapes.vcproj" Description="Done converting to new project file 'F:\Summer 2013\C++ II\tutorials\INheritance, VirtualFunctions and PolyMorphism\Shapes_Virtual_Poly\Shapes\Shapes.vcxproj'.">
</Event><Event ErrorLevel="3" Project="Shapes" Source="Shapes\Shapes.vcproj" Description="Converted">
</Event><Event ErrorLevel="0" Project="" Source="Shapes.sln" Description="Solution converted successfully">
</Event><Event ErrorLevel="3" Project="" Source="Shapes.sln" Description="Converted">
</Event></UpgradeLog>