stfips,county_name,state,cat_rucc,air_EQI_22July2013,water_EQI_22July2013,land_EQI_22July2013,sociod_EQI_22July2013,built_EQI_22July2013,EQI_22July2013,RUCC1_air_EQI_22July2013,RUCC1_water_EQI_22July2013,RUCC1_land_EQI_22July2013,RUCC1_sociod_EQI_22July2013,RUCC1_built_EQI_22July2013,RUCC1_EQI_22July2013,RUCC2_air_EQI_22July2013,RUCC2_water_EQI_22July2013,RUCC2_land_EQI_22July2013,RUCC2_sociod_EQI_22July2013,RUCC2_built_EQI_22July2013,RUCC2_EQI_22July2013,RUCC3_air_EQI_22July2013,RUCC3_water_EQI_22July2013,RUCC3_land_EQI_22July2013,RUCC3_sociod_EQI_22July2013,RUCC3_built_EQI_22July2013,RUCC3_EQI_22July2013,RUCC4_air_EQI_22July2013,RUCC4_water_EQI_22July2013,RUCC4_land_EQI_22July2013,RUCC4_sociod_EQI_22July2013,RUCC4_built_EQI_22July2013,RUCC4_EQI_22July2013
01001,Autauga County,AL,1,0.9553846,-1.109728,-0.7065906,0.6704357,-0.4973013,0.0041379,0.4059122,-1.131072,-0.904579,-0.3510596,-0.8367718,-0.6752936,,,,,,,,,,,,,,,,,,
01003,Baldwin County,AL,2,0.7179643,-0.5659107,-1.084299,0.5530728,0.4015849,0.2002343,,,,,,,0.4448415,-0.6358124,-1.209561,0.8666556,-0.0588733,-0.3493914,,,,,,,,,,,,
01005,Barbour County,AL,3,0.1310074,-0.9780902,-1.28147,-1.236294,0.0488544,-0.9506388,,,,,,,,,,,,,0.5241384,-1.148049,-1.219538,-0.9945131,-0.4168211,-1.187541,,,,,,
01007,Bibb County,AL,1,0.065289,-0.9681726,-0.8274103,-0.6000178,-1.290857,-1.08892,-1.079563,-0.9966963,-1.074134,0.9804665,-1.737768,-1.964296,,,,,,,,,,,,,,,,,,
